trial,csv_line,D_file,W_file,ID_fitts_bits,ID_shannon_bits,x_home_m,x_target_m,tolerance_m,x_start_m,D_effective_m,outcome,success,rt_kinematic_s,mt_first_entry_s,mt_final_entry_s,mt_first_entry_kin_s,mt_final_entry_kin_s,task_time_s,n_entries,peak_speed_x_mps,t_peak_speed_x_s,overshoot_m,endpoint_error_m,y_max_dev_m,sat_fraction,dt_mean_ms,dt_max_ms,samples,wall_clock,note
1,2,8.000000,0.888889,4.169925,3.321928,0.400000,0.320000,0.004444,0.395682,0.075682,success,1,0.007962,0.268000,0.268000,0.260038,0.260038,1.268071,1,0.444059,0.129993,0.000000,-0.001029,0.003885,0.0820,2.000,2.028,634,2026-09-11T19:03:09.197,
2,3,12.000000,1.333333,4.169925,3.321928,0.400000,0.280000,0.006667,0.400792,0.120792,success,1,0.007997,0.314008,0.314008,0.306011,0.306011,1.314070,1,0.618684,0.180001,0.000000,-0.001286,0.003809,0.1218,2.000,2.017,657,2026-09-11T19:03:11.857,
3,4,27.000000,1.333333,5.339850,4.409391,0.400000,0.130000,0.006667,0.400799,0.270799,success,1,0.007989,0.474022,0.474022,0.466033,0.466033,1.474149,1,0.945449,0.326014,0.000000,-0.000633,0.003734,0.2483,2.000,2.021,737,2026-09-11T19:03:14.973,
4,5,30.375000,1.000000,5.924813,4.971544,0.400000,0.096250,0.005000,0.400201,0.303951,success,1,0.005992,0.514031,0.514031,0.508039,0.508039,1.514133,1,0.991454,0.354016,0.000299,0.000121,0.003647,0.2695,2.000,2.023,757,2026-09-11T19:03:19.750,
5,6,8.000000,0.888889,4.169925,3.321928,0.400000,0.320000,0.004444,0.400159,0.080159,success,1,0.007994,0.272005,0.272005,0.264011,0.264011,1.272068,1,0.468241,0.141998,0.000000,-0.001093,0.003594,0.0865,2.000,2.010,636,2026-09-11T19:03:24.914,
6,7,15.187500,0.500000,5.924813,4.971544,0.400000,0.248125,0.002500,0.400205,0.152080,success,1,0.007994,0.396039,0.396039,0.388045,0.388045,1.396093,1,0.717668,0.214029,0.000000,-0.000027,0.003582,0.1418,2.000,2.028,698,2026-09-11T19:03:27.586,
7,8,12.000000,0.888889,4.754887,3.857981,0.400000,0.280000,0.004444,0.400742,0.120742,success,1,0.007993,0.328008,0.328008,0.320015,0.320015,1.328065,1,0.622324,0.180000,0.000000,-0.001135,0.003541,0.1205,2.000,2.017,664,2026-09-11T19:03:31.097,
8,9,12.000000,2.000000,3.584963,2.807355,0.400000,0.280000,0.010000,0.400405,0.120405,success,1,0.007993,0.294008,0.294008,0.286015,0.286015,1.294091,1,0.623504,0.180002,0.000000,-0.001154,0.003518,0.1236,2.000,2.035,647,2026-09-11T19:03:34.233,
9,10,27.000000,1.333333,5.339850,4.409391,0.400000,0.130000,0.006667,0.400122,0.270122,success,1,0.005988,0.472014,0.472014,0.466026,0.466026,1.472079,1,0.946404,0.324006,0.000161,-0.000096,0.003495,0.2446,2.000,2.010,736,2026-09-11T19:03:37.333,
10,11,8.000000,1.333333,3.584963,2.807355,0.400000,0.320000,0.006667,0.400140,0.080140,success,1,0.005989,0.252038,0.252038,0.246049,0.246049,1.252104,1,0.465475,0.140031,0.000000,-0.000295,0.003457,0.0847,2.000,2.021,626,2026-09-11T19:03:42.116,
11,12,18.000000,2.000000,4.169925,3.321928,0.400000,0.220000,0.010000,0.400118,0.180118,success,1,0.005989,0.366022,0.366022,0.360033,0.360033,1.366168,1,0.775866,0.234003,0.000028,-0.000222,0.003450,0.1654,2.000,2.042,683,2026-09-11T19:03:44.778,
12,13,12.000000,2.000000,3.584963,2.807355,0.400000,0.280000,0.010000,0.400443,0.120443,success,1,0.007994,0.294005,0.294005,0.286011,0.286011,1.294077,1,0.624657,0.179999,0.000000,-0.001195,0.003435,0.1236,2.000,2.008,647,2026-09-11T19:03:48.554,
13,14,27.000000,2.000000,4.754888,3.857981,0.400000,0.130000,0.010000,0.400557,0.270557,success,1,0.008010,0.450050,0.450050,0.442040,0.442040,1.450239,1,0.956596,0.324022,0.000000,-0.000198,0.003420,0.2566,2.000,2.072,725,2026-09-11T19:03:51.653,
14,15,15.187500,0.500000,5.924813,4.971544,0.400000,0.248125,0.002500,0.400784,0.152659,success,1,0.008008,0.392014,0.392014,0.384006,0.384006,1.392076,1,0.727603,0.218004,0.000000,-0.000651,0.003378,0.1437,2.000,2.026,696,2026-09-11T19:03:56.401,
15,16,15.000000,2.500000,3.584963,2.807355,0.400000,0.250000,0.012500,0.400451,0.150451,success,1,0.005989,0.320011,0.320011,0.314022,0.314022,1.320079,1,0.714833,0.214005,0.000000,-0.000483,0.003355,0.1455,2.000,2.020,660,2026-09-11T19:03:59.907,
16,17,8.000000,1.333333,3.584963,2.807355,0.400000,0.320000,0.006667,0.400159,0.080159,success,1,0.005984,0.252022,0.252022,0.246038,0.246038,1.252094,1,0.466630,0.140016,0.000000,-0.000314,0.003348,0.0847,2.000,2.016,626,2026-09-11T19:04:03.332,
17,18,27.000000,1.333333,5.339850,4.409391,0.400000,0.130000,0.006667,0.400209,0.270209,success,1,0.005988,0.466046,0.466046,0.460058,0.460058,1.466158,1,0.956735,0.322029,0.000313,-0.000005,0.003348,0.2510,2.000,2.018,733,2026-09-11T19:04:05.988,
18,19,8.000000,0.888889,4.169925,3.321928,0.400000,0.320000,0.004444,0.400489,0.080489,success,1,0.005991,0.268005,0.268005,0.262014,0.262014,1.268076,1,0.469300,0.125998,0.000000,-0.000200,0.003333,0.0836,2.000,2.010,634,2026-09-11T19:04:10.762,
19,20,20.250000,1.000000,5.339850,4.409391,0.400000,0.197500,0.005000,0.400530,0.203030,success,1,0.007996,0.416241,0.416241,0.408245,0.408245,1.416376,1,0.834881,0.264193,0.000303,0.000091,0.003329,0.1955,2.006,4.003,706,2026-09-11T19:04:13.452,
20,21,8.000000,1.333333,3.584963,2.807355,0.400000,0.320000,0.006667,0.400848,0.080848,success,1,0.007989,0.250006,0.250006,0.242017,0.242017,1.250109,1,0.475891,0.145999,0.000000,-0.000995,0.003310,0.0864,2.000,2.023,625,2026-09-11T19:04:17.521,
21,22,30.375000,1.000000,5.924813,4.971544,0.400000,0.096250,0.005000,0.400621,0.304371,success,1,0.007993,0.490019,0.490019,0.482026,0.482026,1.490121,1,1.025206,0.344011,0.001590,0.001336,0.003310,0.2872,2.000,2.026,745,2026-09-11T19:04:20.161,
22,23,18.000000,1.333333,4.754888,3.857981,0.400000,0.220000,0.006667,0.400167,0.180167,success,1,0.005991,0.380014,0.380014,0.374023,0.374023,1.380146,1,0.783729,0.232004,0.000000,-0.000237,0.003287,0.1667,2.000,2.019,690,2026-09-11T19:04:25.308,
23,24,27.000000,0.888889,5.924812,4.971543,0.400000,0.130000,0.004444,0.400156,0.270156,success,1,0.005989,0.472016,0.472016,0.466027,0.466027,1.472071,1,0.966985,0.318008,0.000476,0.000150,0.003283,0.2500,2.000,2.024,736,2026-09-11T19:04:29.098,
24,25,15.000000,2.500000,3.584963,2.807355,0.400000,0.250000,0.012500,0.400443,0.150443,success,1,0.007992,0.318007,0.318007,0.310015,0.310015,1.318062,1,0.725743,0.218002,0.000000,-0.001025,0.003276,0.1533,2.000,2.009,659,2026-09-11T19:04:33.882,
25,26,18.000000,0.888889,5.339850,4.409391,0.400000,0.220000,0.004444,0.400761,0.180761,success,1,0.007991,0.394021,0.394021,0.386030,0.386030,1.394143,1,0.795000,0.236003,0.000000,-0.000827,0.003272,0.1779,2.000,2.027,697,2026-09-11T19:04:37.313,
26,27,27.000000,2.000000,4.754888,3.857981,0.400000,0.130000,0.010000,0.399709,0.269709,success,1,0.007990,0.444014,0.444014,0.436024,0.436024,1.444091,1,0.972646,0.320007,0.000513,0.000192,0.003261,0.2673,2.000,2.021,722,2026-09-11T19:04:41.139,
27,28,18.000000,1.333333,4.754888,3.857981,0.400000,0.220000,0.006667,0.400212,0.180212,success,1,0.005990,0.378012,0.378012,0.372022,0.372022,1.378081,1,0.793186,0.234004,0.000000,-0.000260,0.003253,0.1669,2.000,2.033,689,2026-09-11T19:04:45.889,
28,29,12.000000,0.888889,4.754887,3.857981,0.400000,0.280000,0.004444,0.400182,0.120182,success,1,0.005989,0.324009,0.324009,0.318020,0.318020,1.324067,1,0.628353,0.174000,0.000000,-0.001014,0.003253,0.1178,2.000,2.021,662,2026-09-11T19:04:49.670,
29,30,20.250000,1.000000,5.339850,4.409391,0.400000,0.197500,0.005000,0.400205,0.202705,success,1,0.005991,0.410030,0.410030,0.404039,0.404039,1.410102,1,0.846603,0.252023,0.000000,-0.000341,0.003253,0.1929,2.000,2.048,705,2026-09-11T19:04:52.792,
30,31,12.000000,0.888889,4.754887,3.857981,0.400000,0.280000,0.004444,0.400443,0.120443,success,1,0.007994,0.326007,0.326007,0.318013,0.318013,1.326091,1,0.631624,0.179999,0.000000,-0.001328,0.003253,0.1192,2.000,2.020,663,2026-09-11T19:04:56.812,
31,32,18.000000,2.000000,4.169925,3.321928,0.400000,0.220000,0.010000,0.399887,0.179887,success,1,0.007994,0.362012,0.362012,0.354018,0.354018,1.362219,1,0.794319,0.236005,0.000000,-0.000782,0.003245,0.1856,2.006,4.049,679,2026-09-11T19:04:59.938,
32,33,18.000000,1.333333,4.754888,3.857981,0.400000,0.220000,0.006667,0.400882,0.180882,success,1,0.007990,0.376014,0.376014,0.368024,0.368024,1.376104,1,0.801483,0.236006,0.000000,-0.000703,0.003242,0.1846,2.000,2.028,688,2026-09-11T19:05:03.787,
33,34,12.000000,1.333333,4.169925,3.321928,0.400000,0.280000,0.006667,0.399826,0.119826,success,1,0.007995,0.310007,0.310007,0.302012,0.302012,1.310093,1,0.630565,0.178000,0.000000,-0.001157,0.003234,0.1252,2.000,2.017,655,2026-09-11T19:05:07.579,
34,35,18.000000,2.000000,4.169925,3.321928,0.400000,0.220000,0.010000,0.400508,0.180508,success,1,0.005985,0.360010,0.360010,0.354025,0.354025,1.360098,1,0.794937,0.232003,0.000000,-0.000252,0.003234,0.1721,2.000,2.049,680,2026-09-11T19:05:10.685,
35,36,12.000000,1.333333,4.169925,3.321928,0.400000,0.280000,0.006667,0.400178,0.120178,success,1,0.005990,0.308023,0.308023,0.302033,0.302033,1.308090,1,0.628086,0.174002,0.000000,-0.001354,0.003234,0.1193,2.000,2.025,654,2026-09-11T19:05:14.450,
36,37,27.000000,2.000000,4.754888,3.857981,0.400000,0.130000,0.010000,0.400383,0.270383,success,1,0.005989,0.442030,0.442030,0.436041,0.436041,1.442139,1,0.978092,0.306008,0.000744,0.000400,0.003238,0.2607,2.000,2.018,721,2026-09-11T19:05:17.550,
37,38,27.000000,0.888889,5.924812,4.971543,0.400000,0.130000,0.004444,0.400591,0.270591,success,1,0.007989,0.462058,0.462058,0.454069,0.454069,1.462185,1,0.983135,0.308012,0.001028,0.000718,0.003234,0.2654,2.000,2.024,731,2026-09-11T19:05:22.317,
38,39,18.000000,0.888889,5.339850,4.409391,0.400000,0.220000,0.004444,0.399823,0.179823,success,1,0.007993,0.390014,0.390014,0.382021,0.382021,1.390095,1,0.793542,0.248008,0.000000,-0.000627,0.003227,0.1842,2.000,2.047,695,2026-09-11T19:05:27.107,
39,40,15.000000,2.500000,3.584963,2.807355,0.400000,0.250000,0.012500,0.400178,0.150178,success,1,0.005990,0.316037,0.316037,0.310047,0.310047,1.316153,1,0.723439,0.214020,0.000357,0.000130,0.003227,0.1459,2.000,2.025,658,2026-09-11T19:05:30.901,
40,41,18.000000,0.888889,5.339850,4.409391,0.400000,0.220000,0.004444,0.400440,0.180440,success,1,0.005991,0.392046,0.392046,0.386055,0.386055,1.392120,1,0.796091,0.230037,0.000000,-0.000248,0.003227,0.1681,2.000,2.032,696,2026-09-11T19:05:34.324,
41,42,20.250000,1.000000,5.339850,4.409391,0.400000,0.197500,0.005000,0.400163,0.202663,success,1,0.005990,0.410019,0.410019,0.404029,0.404029,1.410097,1,0.851349,0.254010,0.000000,-0.000367,0.003227,0.1929,2.000,2.038,705,2026-09-11T19:05:38.124,
42,43,15.187500,0.500000,5.924813,4.971544,0.400000,0.248125,0.002500,0.400704,0.152579,success,1,0.007999,0.384012,0.384012,0.376013,0.376013,1.384265,1,0.736176,0.218002,0.000000,-0.000776,0.003223,0.1445,2.000,2.020,692,2026-09-11T19:05:42.168,
43,44,27.000000,0.888889,5.924812,4.971543,0.400000,0.130000,0.004444,0.400163,0.270163,success,1,0.007992,0.462015,0.462015,0.454023,0.454023,1.462097,1,0.984121,0.308007,0.000801,0.000457,0.003223,0.2668,2.000,2.021,731,2026-09-11T19:05:45.683,
44,45,12.000000,2.000000,3.584963,2.807355,0.400000,0.280000,0.010000,0.400610,0.120610,success,1,0.005989,0.288005,0.288005,0.282016,0.282016,1.288125,1,0.628631,0.176000,0.000000,-0.000980,0.003219,0.1211,2.000,2.026,644,2026-09-11T19:05:50.440,
45,46,30.375000,1.000000,5.924813,4.971544,0.400000,0.096250,0.005000,0.400485,0.304235,success,1,0.005988,0.480034,0.480034,0.474046,0.474046,1.480107,1,1.042249,0.342022,0.002396,0.001756,0.003219,0.2919,2.000,2.029,740,2026-09-11T19:05:53.528,
46,47,27.000000,0.888889,5.924812,4.971543,0.400000,0.130000,0.004444,0.400742,0.270742,success,1,0.007993,0.458015,0.458015,0.450022,0.450022,1.458357,1,0.985722,0.308007,0.001096,0.000816,0.003211,0.2647,2.001,2.149,729,2026-09-11T19:05:58.658,
47,48,12.000000,0.888889,4.754887,3.857981,0.400000,0.280000,0.004444,0.400651,0.120651,success,1,0.007991,0.322026,0.322026,0.314035,0.314035,1.322155,1,0.634096,0.181999,0.000000,-0.001237,0.003208,0.1210,2.000,2.020,661,2026-09-11T19:06:03.421,
48,49,8.000000,0.888889,4.169925,3.321928,0.400000,0.320000,0.004444,0.400629,0.080629,success,1,0.005989,0.264008,0.264008,0.258019,0.258019,1.264185,1,0.480468,0.125998,0.000000,-0.000143,0.003211,0.0823,2.000,2.021,632,2026-09-11T19:06:06.519,
49,50,18.000000,2.000000,4.169925,3.321928,0.400000,0.220000,0.010000,0.400190,0.180190,success,1,0.005991,0.360060,0.360060,0.354069,0.354069,1.360124,1,0.795050,0.230053,0.000005,-0.000248,0.003211,0.1735,2.000,2.021,680,2026-09-11T19:06:09.192,
50,51,27.000000,2.000000,4.754888,3.857981,0.400000,0.130000,0.010000,0.400228,0.270228,success,1,0.005990,0.440018,0.440018,0.434028,0.434028,1.440086,1,0.984090,0.306010,0.000793,0.000476,0.003211,0.2625,2.000,2.019,720,2026-09-11T19:06:12.960,
51,52,18.000000,2.000000,4.169925,3.321928,0.400000,0.220000,0.010000,0.399751,0.179751,success,1,0.007992,0.360010,0.360010,0.352018,0.352018,1.360090,1,0.796463,0.232003,0.000000,-0.000725,0.003208,0.1882,2.000,2.017,680,2026-09-11T19:06:17.756,
52,53,12.000000,1.333333,4.169925,3.321928,0.400000,0.280000,0.006667,0.400549,0.120549,success,1,0.007996,0.308021,0.308021,0.300025,0.300025,1.308122,1,0.633715,0.182012,0.000000,-0.001343,0.003204,0.1223,2.000,2.036,654,2026-09-11T19:06:21.533,
53,54,8.000000,1.333333,3.584963,2.807355,0.400000,0.320000,0.006667,0.399876,0.079876,success,1,0.005975,0.247987,0.247987,0.242012,0.242012,1.248043,1,0.470290,0.139980,0.000000,-0.000196,0.003204,0.0849,2.000,2.014,624,2026-09-11T19:06:24.647,
54,55,27.000000,0.888889,5.924812,4.971543,0.400000,0.130000,0.004444,0.400390,0.270390,success,1,0.005985,0.466019,0.466019,0.460034,0.460034,1.466148,1,0.980941,0.306006,0.000699,0.000328,0.003208,0.2551,2.000,2.018,733,2026-09-11T19:06:27.301,
55,56,18.000000,0.888889,5.339850,4.409391,0.400000,0.220000,0.004444,0.400193,0.180193,success,1,0.005990,0.392022,0.392022,0.386032,0.386032,1.392092,1,0.796097,0.230013,0.000000,-0.000237,0.003204,0.1638,2.000,2.029,696,2026-09-11T19:06:32.078,
56,57,30.375000,1.000000,5.924813,4.971544,0.400000,0.096250,0.005000,0.400663,0.304413,success,1,0.007993,0.480024,0.480024,0.472031,0.472031,1.480086,1,1.045610,0.344016,0.002638,0.001839,0.003200,0.2959,2.000,2.023,740,2026-09-11T19:06:35.875,
57,58,15.187500,0.500000,5.924813,4.971544,0.400000,0.248125,0.002500,0.399826,0.151701,success,1,0.007992,0.384012,0.384012,0.376020,0.376020,1.384146,1,0.736425,0.214002,0.000000,-0.000462,0.003192,0.1488,2.000,2.019,692,2026-09-11T19:06:41.033,
58,59,12.000000,0.888889,4.754887,3.857981,0.400000,0.280000,0.004444,0.400432,0.120432,success,1,0.005990,0.324208,0.324208,0.318218,0.318218,1.324275,1,0.632084,0.176005,0.000000,-0.001014,0.003200,0.1163,2.000,2.164,662,2026-09-11T19:06:44.539,
59,60,27.000000,1.333333,5.339850,4.409391,0.400000,0.130000,0.006667,0.400159,0.270159,success,1,0.005990,0.454055,0.454055,0.448065,0.448065,1.454144,1,0.984717,0.306031,0.000744,0.000419,0.003196,0.2586,2.000,2.019,727,2026-09-11T19:06:47.664,
60,61,15.000000,2.500000,3.584963,2.807355,0.400000,0.250000,0.012500,0.400701,0.150701,success,1,0.007977,0.313994,0.313994,0.306017,0.306017,1.314058,1,0.732274,0.215989,0.000000,-0.000896,0.003196,0.1492,2.000,2.010,657,2026-09-11T19:06:52.442,
61,62,12.000000,1.333333,4.169925,3.321928,0.400000,0.280000,0.006667,0.400644,0.120644,success,1,0.007993,0.308010,0.308010,0.300017,0.300017,1.308075,1,0.632469,0.182002,0.000000,-0.001392,0.003196,0.1239,2.000,2.041,654,2026-09-11T19:06:55.873,
62,63,12.000000,2.000000,3.584963,2.807355,0.400000,0.280000,0.010000,0.400633,0.120633,success,1,0.007993,0.288005,0.288005,0.280012,0.280012,1.288059,1,0.633893,0.178000,0.000000,-0.000911,0.003192,0.1273,2.000,2.024,644,2026-09-11T19:06:58.993,
63,64,15.000000,2.500000,3.584963,2.807355,0.400000,0.250000,0.012500,0.399758,0.149758,success,1,0.007996,0.316013,0.316013,0.308017,0.308017,1.316107,1,0.729597,0.216008,0.000000,-0.000987,0.003189,0.1520,2.000,2.030,658,2026-09-11T19:07:02.113,
64,65,27.000000,1.333333,5.339850,4.409391,0.400000,0.130000,0.006667,0.400417,0.270417,success,1,0.005989,0.452068,0.452068,0.446079,0.446079,1.452172,1,0.986183,0.306011,0.000775,0.000411,0.003196,0.2603,2.000,2.027,726,2026-09-11T19:07:05.527,
65,66,18.000000,0.888889,5.339850,4.409391,0.400000,0.220000,0.004444,0.400197,0.180197,success,1,0.005989,0.392057,0.392057,0.386068,0.386068,1.392168,1,0.800589,0.232046,0.000000,-0.000282,0.003192,0.1681,2.000,2.033,696,2026-09-11T19:07:10.294,
66,67,18.000000,1.333333,4.754888,3.857981,0.400000,0.220000,0.006667,0.400178,0.180178,success,1,0.008010,0.376035,0.376035,0.368025,0.368025,1.376091,1,0.800108,0.234020,0.000000,-0.000816,0.003192,0.1831,2.000,2.036,688,2026-09-11T19:07:14.090,
67,68,30.375000,1.000000,5.924813,4.971544,0.400000,0.096250,0.005000,0.400424,0.304174,success,1,0.007992,0.478017,0.478017,0.470025,0.470025,1.478089,1,1.052747,0.342012,0.003168,0.002350,0.003189,0.2977,2.000,2.018,739,2026-09-11T19:07:17.871,
68,69,18.000000,0.888889,5.339850,4.409391,0.400000,0.220000,0.004444,0.400568,0.180568,success,1,0.005992,0.390038,0.390038,0.384046,0.384046,1.390148,1,0.803354,0.232008,0.000000,-0.000252,0.003189,0.1698,2.000,2.036,695,2026-09-11T19:07:23.002,
69,70,20.250000,1.000000,5.339850,4.409391,0.400000,0.197500,0.005000,0.400197,0.202697,success,1,0.005990,0.408042,0.408042,0.402052,0.402052,1.408106,1,0.857688,0.252033,0.000000,-0.000254,0.003185,0.1960,2.000,2.028,704,2026-09-11T19:07:26.796,
70,71,30.375000,1.000000,5.924813,4.971544,0.400000,0.096250,0.005000,0.400508,0.304258,success,1,0.007996,0.478017,0.478017,0.470021,0.470021,1.478096,1,1.053721,0.338009,0.003217,0.002358,0.003185,0.2963,2.000,2.019,739,2026-09-11T19:07:30.846,
71,72,12.000000,1.333333,4.169925,3.321928,0.400000,0.280000,0.006667,0.399860,0.119860,success,1,0.007994,0.308007,0.308007,0.300013,0.300013,1.308082,1,0.636840,0.176000,0.000000,-0.001048,0.003177,0.1254,2.000,2.015,654,2026-09-11T19:07:36.011,
72,73,18.000000,2.000000,4.169925,3.321928,0.400000,0.220000,0.010000,0.399595,0.179595,success,1,0.007993,0.358017,0.358017,0.350024,0.350024,1.358079,1,0.798370,0.234011,0.000000,-0.000608,0.003181,0.1856,2.000,2.033,679,2026-09-11T19:07:39.171,
73,74,8.000000,1.333333,3.584963,2.807355,0.400000,0.320000,0.006667,0.400784,0.080784,success,1,0.005989,0.248007,0.248007,0.242018,0.242018,1.248176,1,0.480042,0.125998,0.000000,-0.000060,0.003181,0.0833,2.000,2.022,624,2026-09-11T19:07:42.919,
74,75,12.000000,2.000000,3.584963,2.807355,0.400000,0.280000,0.010000,0.400190,0.120190,success,1,0.005990,0.288020,0.288020,0.282030,0.282030,1.288110,1,0.631116,0.174013,0.000000,-0.001392,0.003181,0.1196,2.000,2.034,644,2026-09-11T19:07:45.580,
75,76,27.000000,0.888889,5.924812,4.971543,0.400000,0.130000,0.004444,0.400394,0.270394,success,1,0.006009,0.462022,0.462022,0.456013,0.456013,1.462114,1,0.987793,0.306011,0.000881,0.000600,0.003185,0.2613,2.000,2.023,731,2026-09-11T19:07:48.664,
76,77,18.000000,1.333333,4.754888,3.857981,0.400000,0.220000,0.006667,0.400723,0.180723,success,1,0.007993,0.374011,0.374011,0.366018,0.366018,1.374069,1,0.806760,0.236004,0.000000,-0.000608,0.003181,0.1834,2.000,2.021,687,2026-09-11T19:07:53.468,
77,78,8.000000,0.888889,4.169925,3.321928,0.400000,0.320000,0.004444,0.400587,0.080587,success,1,0.007996,0.266066,0.266066,0.258070,0.258070,1.266155,1,0.485084,0.145998,0.000053,0.000038,0.003174,0.0837,2.000,2.065,633,2026-09-11T19:07:57.255,
78,79,18.000000,1.333333,4.754888,3.857981,0.400000,0.220000,0.006667,0.400606,0.180606,success,1,0.007991,0.374010,0.374010,0.366019,0.366019,1.374087,1,0.806056,0.236006,0.000000,-0.000608,0.003177,0.1805,2.000,2.023,687,2026-09-11T19:07:59.959,
79,80,27.000000,2.000000,4.754888,3.857981,0.400000,0.130000,0.010000,0.400417,0.270417,success,1,0.007974,0.435993,0.435993,0.428019,0.428019,1.436070,1,0.986281,0.305986,0.001301,0.000983,0.003174,0.2702,2.000,2.020,718,2026-09-11T19:08:03.727,
80,81,15.000000,2.500000,3.584963,2.807355,0.400000,0.250000,0.012500,0.400617,0.150617,success,1,0.005991,0.314038,0.314038,0.308047,0.308047,1.314097,1,0.727633,0.214002,0.000459,0.000156,0.003174,0.1450,2.006,4.646,655,2026-09-11T19:08:08.465,
81,82,27.000000,1.333333,5.339850,4.409391,0.400000,0.130000,0.006667,0.400451,0.270451,success,1,0.005989,0.448057,0.448057,0.442068,0.442068,1.448145,1,0.989078,0.306035,0.001017,0.000809,0.003177,0.2652,2.000,2.033,724,2026-09-11T19:08:11.870,
82,83,12.000000,0.888889,4.754887,3.857981,0.400000,0.280000,0.004444,0.400686,0.120686,success,1,0.005974,0.321997,0.321997,0.316023,0.316023,1.322097,1,0.633023,0.181984,0.000000,-0.000813,0.003174,0.1180,2.000,2.017,661,2026-09-11T19:08:16.616,
83,84,27.000000,2.000000,4.754888,3.857981,0.400000,0.130000,0.010000,0.400776,0.270776,success,1,0.007994,0.436016,0.436016,0.428022,0.428022,1.436287,1,0.991622,0.312008,0.001550,0.001180,0.003170,0.2730,2.000,2.149,718,2026-09-11T19:08:19.748,
84,85,12.000000,2.000000,3.584963,2.807355,0.400000,0.280000,0.010000,0.400152,0.120152,success,1,0.007990,0.288006,0.288006,0.280016,0.280016,1.288126,1,0.633797,0.180000,0.000000,-0.001350,0.003166,0.1258,2.000,2.019,644,2026-09-11T19:08:24.513,
85,86,20.250000,1.000000,5.339850,4.409391,0.400000,0.197500,0.005000,0.400651,0.203151,success,1,0.006005,0.404029,0.404029,0.398024,0.398024,1.404134,1,0.864851,0.254009,0.000026,-0.000038,0.003166,0.1966,2.000,2.031,702,2026-09-11T19:08:27.601,
86,87,15.187500,0.500000,5.924813,4.971544,0.400000,0.248125,0.002500,0.400470,0.152345,success,1,0.005991,0.378012,0.378012,0.372021,0.372021,1.378107,1,0.732483,0.214004,0.000602,0.000280,0.003174,0.1408,2.000,2.023,689,2026-09-11T19:08:31.636,
87,88,20.250000,1.000000,5.339850,4.409391,0.400000,0.197500,0.005000,0.400455,0.202955,success,1,0.005987,0.404009,0.404009,0.398022,0.398022,1.404104,1,0.863892,0.254000,0.000000,-0.000091,0.003174,0.1966,2.000,2.019,702,2026-09-11T19:08:35.142,
88,89,15.187500,0.500000,5.924813,4.971544,0.400000,0.248125,0.002500,0.400731,0.152606,success,1,0.007993,0.380011,0.380011,0.372018,0.372018,1.380081,1,0.741695,0.216002,0.000000,-0.000352,0.003170,0.1478,2.000,2.024,690,2026-09-11T19:08:39.192,
89,90,8.000000,1.333333,3.584963,2.807355,0.400000,0.320000,0.006667,0.400137,0.080137,success,1,0.007988,0.248003,0.248003,0.240015,0.240015,1.248116,1,0.480436,0.143997,0.000000,-0.000764,0.003170,0.0849,2.000,2.019,624,2026-09-11T19:08:42.715,
90,91,8.000000,0.888889,4.169925,3.321928,0.400000,0.320000,0.004444,0.400716,0.080716,success,1,0.008004,0.264035,0.264035,0.256031,0.256031,1.264122,1,0.484454,0.146030,0.000000,-0.000280,0.003170,0.0839,2.000,2.020,632,2026-09-11T19:08:45.379,
91,92,15.187500,0.500000,5.924813,4.971544,0.400000,0.248125,0.002500,0.400845,0.152720,success,1,0.007995,0.382011,0.382011,0.374016,0.374016,1.382160,1,0.739286,0.218002,0.000000,-0.000663,0.003170,0.1447,2.000,2.026,691,2026-09-11T19:08:48.121,
92,93,18.000000,0.888889,5.339850,4.409391,0.400000,0.220000,0.004444,0.400527,0.180527,success,1,0.005988,0.390032,0.390032,0.384044,0.384044,1.390121,1,0.799058,0.234006,0.000000,-0.000275,0.003174,0.1698,2.000,2.019,695,2026-09-11T19:08:51.602,
93,94,15.000000,2.500000,3.584963,2.807355,0.400000,0.250000,0.012500,0.400455,0.150455,success,1,0.005990,0.314538,0.314538,0.308548,0.308548,1.314757,1,0.724821,0.210027,0.000000,-0.000953,0.003170,0.1453,2.010,4.656,654,2026-09-11T19:08:55.396,
94,95,20.250000,1.000000,5.339850,4.409391,0.400000,0.197500,0.005000,0.400621,0.203121,success,1,0.007992,0.404041,0.404041,0.396049,0.396049,1.404096,1,0.861100,0.256006,0.000518,0.000140,0.003174,0.2009,2.000,2.033,702,2026-09-11T19:08:58.817,
95,96,27.000000,0.888889,5.924812,4.971543,0.400000,0.130000,0.004444,0.400421,0.270421,success,1,0.008003,0.460034,0.460034,0.452031,0.452031,1.460179,1,0.988467,0.306022,0.000797,0.000513,0.003166,0.2630,2.000,2.019,730,2026-09-11T19:09:02.873,
96,97,18.000000,1.333333,4.754888,3.857981,0.400000,0.220000,0.006667,0.400413,0.180413,success,1,0.005992,0.374021,0.374021,0.368029,0.368029,1.374077,1,0.798738,0.232013,0.000000,-0.000241,0.003170,0.1674,2.000,2.016,687,2026-09-11T19:09:07.646,
97,98,12.000000,0.888889,4.754887,3.857981,0.400000,0.280000,0.004444,0.400186,0.120186,success,1,0.005990,0.322014,0.322014,0.316024,0.316024,1.322095,1,0.631153,0.176002,0.000000,-0.000957,0.003166,0.1165,2.000,2.029,661,2026-09-11T19:09:11.426,
98,99,12.000000,2.000000,3.584963,2.807355,0.400000,0.280000,0.010000,0.400508,0.120508,success,1,0.007994,0.288010,0.288010,0.280016,0.280016,1.288069,1,0.636639,0.182004,0.000000,-0.001248,0.003170,0.1258,2.000,2.015,644,2026-09-11T19:09:14.550,
99,100,8.000000,0.888889,4.169925,3.321928,0.400000,0.320000,0.004444,0.400394,0.080394,success,1,0.008006,0.266057,0.266057,0.258051,0.258051,1.266216,1,0.482410,0.144026,0.000000,-0.000908,0.003166,0.0837,2.000,2.053,633,2026-09-11T19:09:17.679,
100,101,18.000000,1.333333,4.754888,3.857981,0.400000,0.220000,0.006667,0.400493,0.180493,success,1,0.007991,0.376027,0.376027,0.368036,0.368036,1.376099,1,0.804312,0.236020,0.000000,-0.000774,0.003170,0.1817,2.000,2.019,688,2026-09-11T19:09:20.351,
101,102,27.000000,1.333333,5.339850,4.409391,0.400000,0.130000,0.006667,0.400137,0.270137,success,1,0.007994,0.450017,0.450017,0.442023,0.442023,1.450119,1,0.987130,0.308009,0.000744,0.000457,0.003162,0.2662,2.000,2.025,725,2026-09-11T19:09:24.167,
102,103,12.000000,0.888889,4.754887,3.857981,0.400000,0.280000,0.004444,0.400182,0.120182,success,1,0.005988,0.322011,0.322011,0.316023,0.316023,1.322082,1,0.629684,0.176002,0.000000,-0.000983,0.003166,0.1165,2.000,2.010,661,2026-09-11T19:09:28.930,
103,104,27.000000,1.333333,5.339850,4.409391,0.400000,0.130000,0.006667,0.400171,0.270171,success,1,0.005989,0.450017,0.450017,0.444028,0.444028,1.450077,1,0.988537,0.306009,0.000998,0.000737,0.003166,0.2648,2.000,2.023,725,2026-09-11T19:09:32.048,
104,105,27.000000,2.000000,4.754888,3.857981,0.400000,0.130000,0.010000,0.400205,0.270205,success,1,0.005989,0.438014,0.438014,0.432025,0.432025,1.438074,1,0.988232,0.304007,0.001028,0.000809,0.003166,0.2656,2.000,2.028,719,2026-09-11T19:09:36.814,
105,106,20.250000,1.000000,5.339850,4.409391,0.400000,0.197500,0.005000,0.400648,0.203148,success,1,0.007992,0.402012,0.402012,0.394020,0.394020,1.402080,1,0.866627,0.256004,0.000287,0.000083,0.003162,0.2052,2.012,5.081,697,2026-09-11T19:09:41.570,
106,107,12.000000,1.333333,4.169925,3.321928,0.400000,0.280000,0.006667,0.399717,0.119717,success,1,0.007995,0.308007,0.308007,0.300012,0.300012,1.308065,1,0.634430,0.177999,0.000000,-0.001176,0.003162,0.1239,2.000,2.008,654,2026-09-11T19:09:45.609,
107,108,8.000000,0.888889,4.169925,3.321928,0.400000,0.320000,0.004444,0.399819,0.079819,success,1,0.007995,0.268006,0.268006,0.260011,0.260011,1.268064,1,0.475580,0.142000,0.000000,-0.000882,0.003158,0.0852,2.000,2.019,634,2026-09-11T19:09:48.761,
108,109,8.000000,1.333333,3.584963,2.807355,0.400000,0.320000,0.006667,0.400489,0.080489,success,1,0.007994,0.248004,0.248004,0.240010,0.240010,1.248059,1,0.480532,0.145998,0.000000,-0.000969,0.003166,0.0849,2.000,2.012,624,2026-09-11T19:09:51.443,
109,110,27.000000,2.000000,4.754888,3.857981,0.400000,0.130000,0.010000,0.400629,0.270629,success,1,0.005993,0.440015,0.440015,0.434022,0.434022,1.440105,1,0.986865,0.306009,0.000790,0.000457,0.003162,0.2625,2.000,2.011,720,2026-09-11T19:09:54.107,
110,111,15.000000,2.500000,3.584963,2.807355,0.400000,0.250000,0.012500,0.400500,0.150500,success,1,0.005987,0.314061,0.314061,0.308074,0.308074,1.314123,1,0.728610,0.214055,0.000349,0.000107,0.003166,0.1431,2.000,2.051,657,2026-09-11T19:09:58.862,
111,112,12.000000,1.333333,4.169925,3.321928,0.400000,0.280000,0.006667,0.400504,0.120504,success,1,0.005989,0.306010,0.306010,0.300021,0.300021,1.306085,1,0.632306,0.174003,0.000000,-0.000998,0.003166,0.1179,2.000,2.020,653,2026-09-11T19:10:02.266,
112,113,27.000000,0.888889,5.924812,4.971543,0.400000,0.130000,0.004444,0.400568,0.270568,success,1,0.005990,0.460035,0.460035,0.454045,0.454045,1.460118,1,0.991635,0.306010,0.000873,0.000646,0.003162,0.2630,2.000,2.029,730,2026-09-11T19:10:05.352,
113,114,12.000000,1.333333,4.169925,3.321928,0.400000,0.280000,0.006667,0.400769,0.120769,success,1,0.007998,0.306008,0.306008,0.298010,0.298010,1.306151,1,0.635864,0.182001,0.000000,-0.001385,0.003162,0.1256,2.000,2.025,653,2026-09-11T19:10:10.132,
114,115,30.375000,1.000000,5.924813,4.971544,0.400000,0.096250,0.005000,0.400701,0.304451,success,1,0.007992,0.476031,0.476031,0.468039,0.468039,1.476136,1,1.052950,0.344022,0.003164,0.002199,0.003158,0.2967,2.000,2.015,738,2026-09-11T19:10:13.213,
115,116,18.000000,2.000000,4.169925,3.321928,0.400000,0.220000,0.010000,0.400617,0.180617,success,1,0.007994,0.356048,0.356048,0.348054,0.348054,1.356134,1,0.804302,0.234028,0.000000,-0.000226,0.003162,0.1755,2.000,2.022,678,2026-09-11T19:10:18.369,
116,117,12.000000,0.888889,4.754887,3.857981,0.400000,0.280000,0.004444,0.400182,0.120182,success,1,0.005989,0.322011,0.322011,0.316022,0.316022,1.322092,1,0.630834,0.174002,0.000000,-0.000980,0.003162,0.1180,2.000,2.025,661,2026-09-11T19:10:22.132,
117,118,18.000000,0.888889,5.339850,4.409391,0.400000,0.220000,0.004444,0.400182,0.180182,success,1,0.005992,0.392012,0.392012,0.386020,0.386020,1.392097,1,0.800852,0.234004,0.000000,-0.000260,0.003162,0.1652,2.000,2.016,696,2026-09-11T19:10:25.252,
118,119,27.000000,2.000000,4.754888,3.857981,0.400000,0.130000,0.010000,0.400387,0.270387,success,1,0.005990,0.437493,0.437493,0.431503,0.431503,1.437589,1,0.991499,0.303483,0.000846,0.000513,0.003162,0.2622,2.005,4.385,717,2026-09-11T19:10:29.030,
119,120,20.250000,1.000000,5.339850,4.409391,0.400000,0.197500,0.005000,0.400341,0.202841,success,1,0.005988,0.406035,0.406035,0.400047,0.400047,1.406163,1,0.859703,0.254015,0.000000,-0.000227,0.003162,0.1949,2.000,2.031,703,2026-09-11T19:10:33.756,
120,121,18.000000,2.000000,4.169925,3.321928,0.400000,0.220000,0.010000,0.400587,0.180587,success,1,0.007992,0.358024,0.358024,0.350032,0.350032,1.358148,1,0.807107,0.236017,0.000000,-0.000725,0.003158,0.1841,2.000,2.025,679,2026-09-11T19:10:37.798,
121,122,8.000000,0.888889,4.169925,3.321928,0.400000,0.320000,0.004444,0.400318,0.080318,success,1,0.007992,0.266003,0.266003,0.258011,0.258011,1.266062,1,0.479396,0.127995,0.000000,-0.000530,0.003158,0.0837,2.000,2.014,633,2026-09-11T19:10:41.569,
122,123,18.000000,2.000000,4.169925,3.321928,0.400000,0.220000,0.010000,0.400920,0.180920,success,1,0.007991,0.358009,0.358009,0.350018,0.350018,1.358085,1,0.808682,0.236003,0.000000,-0.000703,0.003158,0.1826,2.000,2.015,679,2026-09-11T19:10:44.247,
123,124,30.375000,1.000000,5.924813,4.971544,0.400000,0.096250,0.005000,0.400228,0.303978,success,1,0.005989,0.480042,0.480042,0.474053,0.474053,1.480127,1,1.045939,0.336033,0.002366,0.001779,0.003155,0.2919,2.000,2.019,740,2026-09-11T19:10:47.983,
124,125,27.000000,0.888889,5.924812,4.971543,0.400000,0.130000,0.004444,0.400364,0.270364,success,1,0.005990,0.460028,0.460028,0.454038,0.454038,1.460121,1,0.989618,0.304019,0.000858,0.000616,0.003162,0.2616,2.000,2.017,730,2026-09-11T19:10:53.128,
125,126,18.000000,1.333333,4.754888,3.857981,0.400000,0.220000,0.006667,0.400633,0.180633,success,1,0.005990,0.374021,0.374021,0.368031,0.368031,1.374077,1,0.803230,0.234013,0.000000,-0.000222,0.003158,0.1718,2.000,2.038,687,2026-09-11T19:10:57.886,
126,127,15.187500,0.500000,5.924813,4.971544,0.400000,0.248125,0.002500,0.399614,0.151489,success,1,0.007994,0.384022,0.384022,0.376028,0.376028,1.384218,1,0.737677,0.214012,0.000000,-0.000367,0.003155,0.1474,2.000,2.062,692,2026-09-11T19:11:01.712,
127,128,12.000000,2.000000,3.584963,2.807355,0.400000,0.280000,0.010000,0.400209,0.120209,success,1,0.007993,0.288006,0.288006,0.280013,0.280013,1.288071,1,0.636706,0.178000,0.000000,-0.001252,0.003155,0.1242,2.000,2.007,644,2026-09-11T19:11:05.219,
128,129,18.000000,0.888889,5.339850,4.409391,0.400000,0.220000,0.004444,0.400553,0.180553,success,1,0.007991,0.386037,0.386037,0.378046,0.378046,1.386092,1,0.805448,0.236018,0.000000,-0.000706,0.003158,0.1804,2.000,2.016,693,2026-09-11T19:11:08.311,
129,130,8.000000,1.333333,3.584963,2.807355,0.400000,0.320000,0.006667,0.400636,0.080636,success,1,0.005990,0.246005,0.246005,0.240015,0.240015,1.246211,1,0.483053,0.125999,0.000000,-0.000072,0.003158,0.0835,2.000,2.075,623,2026-09-11T19:11:12.081,
130,131,27.000000,1.333333,5.339850,4.409391,0.400000,0.130000,0.006667,0.400190,0.270190,success,1,0.005990,0.450034,0.450034,0.444044,0.444044,1.451764,1,0.985999,0.306026,0.000888,0.000638,0.003158,0.2652,2.005,4.230,724,2026-09-11T19:11:14.738,
131,132,8.000000,1.333333,3.584963,2.807355,0.400000,0.320000,0.006667,0.400561,0.080561,success,1,0.006003,0.246016,0.246016,0.240013,0.240013,1.246071,1,0.478471,0.124009,0.000000,-0.000026,0.003162,0.0835,2.000,2.014,623,2026-09-11T19:11:19.500,
132,133,12.000000,2.000000,3.584963,2.807355,0.400000,0.280000,0.010000,0.400440,0.120440,success,1,0.005991,0.288006,0.288006,0.282015,0.282015,1.288075,1,0.632498,0.178000,0.000000,-0.000964,0.003158,0.1196,2.000,2.015,644,2026-09-11T19:11:22.152,
133,134,30.375000,1.000000,5.924813,4.971544,0.400000,0.096250,0.005000,0.400451,0.304201,success,1,0.007995,0.476018,0.476018,0.468023,0.468023,1.476083,1,1.049235,0.342010,0.003414,0.002559,0.003162,0.2995,2.000,2.035,738,2026-09-11T19:11:25.240,
134,135,15.187500,0.500000,5.924813,4.971544,0.400000,0.248125,0.002500,0.400519,0.152394,success,1,0.007992,0.380028,0.380028,0.372036,0.372036,1.380084,1,0.738861,0.216019,0.000000,-0.000439,0.003155,0.1478,2.000,2.035,690,2026-09-11T19:11:30.385,
135,136,15.000000,2.500000,3.584963,2.807355,0.400000,0.250000,0.012500,0.399735,0.149735,success,1,0.008006,0.314036,0.314036,0.306030,0.306030,1.314091,1,0.732132,0.214031,0.000000,-0.000919,0.003155,0.1537,2.000,2.016,657,2026-09-11T19:11:33.929,
136,137,27.000000,2.000000,4.754888,3.857981,0.400000,0.130000,0.010000,0.400390,0.270390,success,1,0.005990,0.436021,0.436021,0.430031,0.430031,1.436099,1,0.989762,0.306014,0.000797,0.000491,0.003155,0.2660,2.000,2.011,718,2026-09-11T19:11:37.343,
137,138,30.375000,1.000000,5.924813,4.971544,0.400000,0.096250,0.005000,0.400515,0.304265,success,1,0.005989,0.476018,0.476018,0.470029,0.470029,1.476100,1,1.049517,0.336011,0.002869,0.001998,0.003158,0.2954,2.000,2.032,738,2026-09-11T19:11:42.092,
138,139,8.000000,1.333333,3.584963,2.807355,0.400000,0.320000,0.006667,0.400193,0.080193,success,1,0.007993,0.248004,0.248004,0.240011,0.240011,1.248075,1,0.472108,0.141998,0.000243,0.000182,0.003158,0.0849,2.000,2.030,624,2026-09-11T19:11:47.234,
139,140,18.000000,1.333333,4.754888,3.857981,0.400000,0.220000,0.006667,0.400572,0.180572,success,1,0.007994,0.374013,0.374013,0.366019,0.366019,1.374271,1,0.804998,0.236004,0.000000,-0.000578,0.003158,0.1820,2.000,2.187,687,2026-09-11T19:11:49.902,
140,141,15.000000,2.500000,3.584963,2.807355,0.400000,0.250000,0.012500,0.399584,0.149584,success,1,0.007993,0.314011,0.314011,0.306018,0.306018,1.314108,1,0.732425,0.214004,0.000000,-0.000661,0.003155,0.1522,2.000,2.032,657,2026-09-11T19:11:53.713,
141,142,20.250000,1.000000,5.339850,4.409391,0.400000,0.197500,0.005000,0.400610,0.203110,success,1,0.007993,0.402012,0.402012,0.394019,0.394019,1.402138,1,0.869220,0.256004,0.000348,0.000098,0.003155,0.2026,2.000,2.035,701,2026-09-11T19:11:57.145,
142,143,8.000000,0.888889,4.169925,3.321928,0.400000,0.320000,0.004444,0.400493,0.080493,success,1,0.005989,0.264057,0.264057,0.258068,0.258068,1.264157,1,0.478468,0.124050,0.000042,0.000023,0.003155,0.0823,2.000,2.040,632,2026-09-11T19:12:01.158,
143,144,18.000000,1.333333,4.754888,3.857981,0.400000,0.220000,0.006667,0.400837,0.180837,success,1,0.007995,0.374018,0.374018,0.366023,0.366023,1.374116,1,0.810338,0.238008,0.000000,-0.000695,0.003155,0.1849,2.000,2.019,687,2026-09-11T19:12:03.837,
144,145,18.000000,2.000000,4.169925,3.321928,0.400000,0.220000,0.010000,0.399637,0.179637,success,1,0.007992,0.358010,0.358010,0.350018,0.350018,1.358095,1,0.801271,0.232003,0.000000,-0.000699,0.003151,0.1856,2.000,2.013,679,2026-09-11T19:12:07.651,
145,146,8.000000,1.333333,3.584963,2.807355,0.400000,0.320000,0.006667,0.400413,0.080413,success,1,0.005991,0.248021,0.248021,0.242030,0.242030,1.248114,1,0.476990,0.125997,0.000000,-0.000079,0.003155,0.0833,2.000,2.015,624,2026-09-11T19:12:11.407,
146,147,12.000000,0.888889,4.754887,3.857981,0.400000,0.280000,0.004444,0.400231,0.120231,success,1,0.005998,0.324049,0.324049,0.318051,0.318051,1.324117,1,0.633468,0.176022,0.000000,-0.000908,0.003155,0.1163,2.000,2.038,662,2026-09-11T19:12:14.064,
147,148,12.000000,2.000000,3.584963,2.807355,0.400000,0.280000,0.010000,0.400205,0.120205,success,1,0.005991,0.288015,0.288015,0.282024,0.282024,1.288098,1,0.633504,0.174009,0.000000,-0.001025,0.003155,0.1196,2.000,2.012,644,2026-09-11T19:12:17.188,
148,149,8.000000,1.333333,3.584963,2.807355,0.400000,0.320000,0.006667,0.400193,0.080193,success,1,0.007978,0.247989,0.247989,0.240011,0.240011,1.248057,1,0.480529,0.141983,0.000000,-0.000666,0.003158,0.0849,2.000,2.016,624,2026-09-11T19:12:20.274,
149,150,8.000000,0.888889,4.169925,3.321928,0.400000,0.320000,0.004444,0.400557,0.080557,success,1,0.007987,0.264023,0.264023,0.256036,0.256036,1.264090,1,0.483710,0.128015,0.000000,-0.000643,0.003155,0.0839,2.000,2.026,632,2026-09-11T19:12:22.914,
150,151,27.000000,0.888889,5.924812,4.971543,0.400000,0.130000,0.004444,0.400769,0.270769,success,1,0.007994,0.460038,0.460038,0.452044,0.452044,1.460093,1,0.988516,0.308030,0.001021,0.000737,0.003155,0.2644,2.000,2.016,730,2026-09-11T19:12:25.575,
151,152,15.187500,0.500000,5.924813,4.971544,0.400000,0.248125,0.002500,0.399611,0.151486,success,1,0.007993,0.382013,0.382013,0.374020,0.374020,1.382114,1,0.734211,0.214000,0.000000,-0.000428,0.003147,0.1476,2.000,2.017,691,2026-09-11T19:12:30.413,
152,153,27.000000,1.333333,5.339850,4.409391,0.400000,0.130000,0.006667,0.400561,0.270561,success,1,0.005990,0.448016,0.448016,0.442026,0.442026,1.448149,1,0.995177,0.306007,0.000786,0.000494,0.003155,0.2610,2.000,2.019,724,2026-09-11T19:12:33.919,
153,154,15.000000,2.500000,3.584963,2.807355,0.400000,0.250000,0.012500,0.400201,0.150201,success,1,0.005990,0.314012,0.314012,0.308022,0.308022,1.314132,1,0.725908,0.214002,0.000266,0.000084,0.003155,0.1461,2.000,2.041,657,2026-09-11T19:12:38.680,
154,155,12.000000,2.000000,3.584963,2.807355,0.400000,0.280000,0.010000,0.400477,0.120477,success,1,0.005996,0.286022,0.286022,0.280026,0.280026,1.286126,1,0.635003,0.180016,0.000000,-0.001040,0.003155,0.1213,2.000,2.016,643,2026-09-11T19:12:42.084,
155,156,20.250000,1.000000,5.339850,4.409391,0.400000,0.197500,0.005000,0.400156,0.202656,success,1,0.007993,0.404012,0.404012,0.396019,0.396019,1.404132,1,0.862195,0.254004,0.000000,-0.000345,0.003155,0.1994,2.000,2.029,702,2026-09-11T19:12:45.186,
156,157,15.187500,0.500000,5.924813,4.971544,0.400000,0.248125,0.002500,0.400773,0.152648,success,1,0.005991,0.378060,0.378060,0.372069,0.372069,1.378157,1,0.735875,0.214050,0.000530,0.000246,0.003155,0.1393,2.000,2.033,689,2026-09-11T19:12:49.208,
157,158,18.000000,0.888889,5.339850,4.409391,0.400000,0.220000,0.004444,0.400436,0.180436,success,1,0.005990,0.388013,0.388013,0.382023,0.382023,1.388079,1,0.808886,0.234003,0.000000,-0.000263,0.003158,0.1715,2.000,2.019,694,2026-09-11T19:12:52.698,
158,159,12.000000,1.333333,4.169925,3.321928,0.400000,0.280000,0.006667,0.400375,0.120375,success,1,0.005991,0.304026,0.304026,0.298035,0.298035,1.304083,1,0.635470,0.174019,0.000000,-0.000858,0.003158,0.1181,2.000,2.025,652,2026-09-11T19:12:56.488,
159,160,18.000000,2.000000,4.169925,3.321928,0.400000,0.220000,0.010000,0.399694,0.179694,success,1,0.007991,0.358007,0.358007,0.350016,0.350016,1.358136,1,0.801444,0.236000,0.000000,-0.000665,0.003151,0.1856,2.000,2.024,679,2026-09-11T19:12:59.638,
160,161,12.000000,0.888889,4.754887,3.857981,0.400000,0.280000,0.004444,0.400394,0.120394,success,1,0.007994,0.320008,0.320008,0.312014,0.312014,1.320063,1,0.637260,0.180000,0.000000,-0.001305,0.003151,0.1242,2.000,2.027,660,2026-09-11T19:13:03.409,
161,162,15.187500,0.500000,5.924813,4.971544,0.400000,0.248125,0.002500,0.400833,0.152708,success,1,0.007995,0.386012,0.386012,0.378017,0.378017,1.386108,1,0.743747,0.218003,0.000000,-0.000337,0.003151,0.1443,2.000,2.028,693,2026-09-11T19:13:06.535,
162,163,27.000000,2.000000,4.754888,3.857981,0.400000,0.130000,0.010000,0.399698,0.269698,success,1,0.005989,0.436014,0.436014,0.430025,0.430025,1.436138,1,0.987656,0.304006,0.000964,0.000752,0.003151,0.2646,2.000,2.034,718,2026-09-11T19:13:10.075,
163,164,27.000000,0.888889,5.924812,4.971543,0.400000,0.130000,0.004444,0.400171,0.270171,success,1,0.005990,0.458018,0.458018,0.452028,0.452028,1.458090,1,0.991102,0.304006,0.001058,0.000801,0.003155,0.2634,2.000,2.026,729,2026-09-11T19:13:14.830,
164,165,27.000000,1.333333,5.339850,4.409391,0.400000,0.130000,0.006667,0.400171,0.270171,success,1,0.005991,0.446086,0.446086,0.440095,0.440095,1.446143,1,0.990712,0.304078,0.001021,0.000759,0.003151,0.2642,2.000,2.038,723,2026-09-11T19:13:19.600,
165,166,18.000000,0.888889,5.339850,4.409391,0.400000,0.220000,0.004444,0.399872,0.179872,success,1,0.007992,0.386011,0.386011,0.378019,0.378019,1.386081,1,0.803073,0.236003,0.000000,-0.000604,0.003147,0.1833,2.000,2.038,693,2026-09-11T19:13:24.400,
166,167,27.000000,1.333333,5.339850,4.409391,0.400000,0.130000,0.006667,0.400292,0.270292,success,1,0.007995,0.446057,0.446057,0.438062,0.438062,1.446824,1,0.991915,0.312008,0.001592,0.001221,0.003151,0.2729,2.004,3.587,722,2026-09-11T19:13:28.195,
167,168,12.000000,2.000000,3.584963,2.807355,0.400000,0.280000,0.010000,0.400561,0.120561,success,1,0.005991,0.286008,0.286008,0.280017,0.280017,1.286116,1,0.632101,0.174001,0.000000,-0.000817,0.003155,0.1198,2.000,2.019,643,2026-09-11T19:13:32.964,
168,169,30.375000,1.000000,5.924813,4.971544,0.400000,0.096250,0.005000,0.400352,0.304102,success,1,0.005990,0.475459,0.475459,0.469469,0.469469,1.475529,1,1.052222,0.337432,0.003043,0.002191,0.003151,0.2925,2.008,4.578,735,2026-09-11T19:13:36.050,
169,170,8.000000,0.888889,4.169925,3.321928,0.400000,0.320000,0.004444,0.400421,0.080421,success,1,0.005989,0.264006,0.264006,0.258017,0.258017,1.264082,1,0.475010,0.123997,0.000012,-0.000007,0.003155,0.0823,2.000,2.032,632,2026-09-11T19:13:41.194,
170,171,18.000000,0.888889,5.339850,4.409391,0.400000,0.220000,0.004444,0.400655,0.180655,success,1,0.007975,0.388000,0.388000,0.380025,0.380025,1.388106,1,0.807944,0.235990,0.000000,-0.000585,0.003155,0.1816,2.000,2.033,694,2026-09-11T19:13:43.852,
171,172,27.000000,2.000000,4.754888,3.857981,0.400000,0.130000,0.010000,0.400852,0.270852,success,1,0.007992,0.436039,0.436039,0.428047,0.428047,1.436154,1,0.990498,0.310030,0.001176,0.000918,0.003147,0.2688,2.000,2.068,718,2026-09-11T19:13:49.163,
172,173,27.000000,0.888889,5.924812,4.971543,0.400000,0.130000,0.004444,0.399758,0.269758,success,1,0.005990,0.460019,0.460019,0.454029,0.454029,1.460122,1,0.990068,0.306008,0.000858,0.000574,0.003147,0.2630,2.000,2.017,730,2026-09-11T19:13:53.919,
173,174,12.000000,1.333333,4.169925,3.321928,0.400000,0.280000,0.006667,0.400178,0.120178,success,1,0.005991,0.306026,0.306026,0.300035,0.300035,1.306109,1,0.632822,0.174019,0.000000,-0.000998,0.003151,0.1179,2.000,2.036,653,2026-09-11T19:13:58.696,
174,175,20.250000,1.000000,5.339850,4.409391,0.400000,0.197500,0.005000,0.400610,0.203110,success,1,0.005990,0.404036,0.404036,0.398046,0.398046,1.404116,1,0.867263,0.252026,0.000000,-0.000189,0.003151,0.1937,2.000,2.020,702,2026-09-11T19:14:01.782,
175,176,12.000000,1.333333,4.169925,3.321928,0.400000,0.280000,0.006667,0.399770,0.119770,success,1,0.007993,0.306007,0.306007,0.298014,0.298014,1.306127,1,0.635115,0.178000,0.000000,-0.001191,0.003147,0.1240,2.000,2.018,653,2026-09-11T19:14:05.862,
176,177,15.000000,2.500000,3.584963,2.807355,0.400000,0.250000,0.012500,0.400137,0.150137,success,1,0.007993,0.314009,0.314009,0.306016,0.306016,1.314066,1,0.731411,0.216003,0.000000,-0.000457,0.003147,0.1522,2.000,2.037,657,2026-09-11T19:14:09.007,
177,178,18.000000,1.333333,4.754888,3.857981,0.400000,0.220000,0.006667,0.400901,0.180901,success,1,0.007995,0.374011,0.374011,0.366016,0.366016,1.374089,1,0.809909,0.236003,0.000000,-0.000778,0.003147,0.1820,2.000,2.013,687,2026-09-11T19:14:12.431,
178,179,12.000000,0.888889,4.754887,3.857981,0.400000,0.280000,0.004444,0.399656,0.119656,success,1,0.007991,0.322024,0.322024,0.314033,0.314033,1.322081,1,0.634079,0.178016,0.000000,-0.001173,0.003147,0.1210,2.000,2.016,661,2026-09-11T19:14:16.267,
179,180,30.375000,1.000000,5.924813,4.971544,0.400000,0.096250,0.005000,0.400470,0.304220,success,1,0.005991,0.476017,0.476017,0.470026,0.470026,1.476090,1,1.050314,0.336009,0.002805,0.001972,0.003151,0.2940,2.000,2.019,738,2026-09-11T19:14:19.383,
180,181,18.000000,2.000000,4.169925,3.321928,0.400000,0.220000,0.010000,0.400394,0.180394,success,1,0.007992,0.356012,0.356012,0.348020,0.348020,1.356080,1,0.809049,0.236005,0.000000,-0.000650,0.003151,0.1844,2.000,2.047,678,2026-09-11T19:14:24.527,
